Feature,TF-IDF Importance
the,521.3294607561205
be,261.87742478180456
of,228.2724886909566
to,225.68146176922733
a,218.5463230282439
and,211.2501088116147
in,210.34762538152725
have,126.94643936595565
that,106.64505766483187
on,100.78159139801271
it,99.3429476813727
israel,98.76092471785444
s,91.47420818985196
say,88.83468598267875
for,81.33945570160323
gaza,78.52056433383677
israeli,60.80600443342536
with,58.93272245307796
hamas,55.069029370074134
by,52.83304065878933
